,c_arm_lateral_m,c_arm_vertical_m,c_arm_wigwag_deg,c_arm_horizontal_m,c_arm_tilt_deg,c_arm_orbital_deg,table_vertical_m,table_trend_deg,table_tilt_deg,table_longitudinal_m,table_transverse_m
0,-0.42,0.2,-4,0.15,113,77,0.23,-3,1,0.27,0.06
1,-0.26,0.34,10,0.01,-4,28,0.31,-23,-19,0.07,-0.09
2,0.17,0.25,7,0.1,128,-52,0.33,-6,12,0.51,-0.08
3,0.37,0.23,4,0.12,118,-64,0.18,0,4,0.01,-0.05
4,0.29,0.05,3,0.12,128,92,0.26,26,6,0.32,0.1
5,-0.02,0.36,0,0.15,164,-3,0.36,-22,-19,0.42,0.11
6,-0.4,0.35,0,0.07,119,49,0.12,-9,3,0.64,-0.02
7,0.44,0.17,7,0.06,190,31,0.3,-16,11,0.6,0.0
8,0.02,0.19,4,0.14,44,22,0.04,-16,19,0.65,0.08
9,0.48,0.35,0,0.04,57,57,0.33,-24,-11,0.19,-0.11
10,0.03,0.26,6,0.01,134,96,0.04,-22,5,0.1,0.11
11,0.16,0.34,-5,0.01,266,84,0.33,-11,2,0.68,-0.04
12,0.48,0.34,-1,0.02,91,50,0.22,6,6,0.24,0.1
13,-0.36,0.03,8,0.02,138,6,0.22,-15,3,0.24,-0.08
14,-0.16,0.32,4,0.0,262,78,0.02,-26,9,0.42,0.05
15,-0.26,0.2,-8,0.13,168,-70,0.33,9,7,0.05,0.07
16,-0.35,0.46,-3,0.01,214,-24,0.0,-28,1,0.67,0.07
17,0.5,0.14,-9,0.02,-7,64,0.27,-3,-1,0.6,0.03
18,0.1,0.36,-9,0.04,193,29,0.3,-11,20,0.23,0.09
19,0.08,0.09,0,0.07,171,-72,0.2,-7,7,0.4,-0.07
20,-0.34,0.12,7,0.05,175,-9,0.02,-23,-10,0.13,-0.13
21,-0.41,0.04,-5,0.04,196,99,0.0,-1,18,0.55,-0.05
22,0.43,0.15,-7,0.11,247,-74,0.08,-7,-8,0.11,-0.05
23,0.36,0.27,-4,0.07,247,-80,0.19,1,3,0.63,-0.02
24,-0.48,0.01,-9,0.0,-43,-36,0.36,-13,15,0.53,0.0
25,-0.23,0.4,-2,0.07,261,21,0.23,14,17,0.02,-0.01
26,-0.46,0.14,7,0.02,79,-2,0.3,-15,-12,0.4,0.03
27,-0.19,0.4,6,0.11,-78,63,0.22,17,-9,0.0,-0.09
28,-0.49,0.28,7,0.02,-80,-66,0.17,13,-17,0.27,-0.08
29,-0.37,0.0,10,0.1,179,-18,0.33,18,4,0.51,0.03
30,0.33,0.37,0,0.12,98,-96,0.3,4,0,0.67,0.04
31,0.5,0.32,5,0.03,225,77,0.07,22,-20,0.21,0.05
32,-0.46,0.43,-6,0.11,47,-77,0.1,-12,17,0.14,-0.11
33,0.41,0.06,3,0.02,120,-60,0.21,24,-19,0.19,0.08
34,0.09,0.04,5,0.08,56,85,0.05,11,-9,0.25,0.07
35,0.17,0.0,0,0.01,-32,-16,0.34,-5,-3,0.15,-0.01
36,-0.43,0.4,5,0.14,72,-19,0.1,-6,0,0.18,-0.06
37,-0.01,0.15,-3,0.03,94,-38,0.2,2,-16,0.49,-0.03
38,-0.03,0.21,-7,0.07,-8,-72,0.28,6,1,0.6,0.02
39,0.15,0.35,5,0.11,186,-15,0.12,7,-12,0.31,0.13
40,0.11,0.24,-9,0.08,114,-100,0.35,-17,3,0.3,0.04
41,-0.36,0.38,7,0.03,8,-26,0.25,16,15,0.46,0.11
42,0.05,0.4,2,0.12,-88,47,0.07,-17,12,0.68,-0.09
43,0.21,0.29,7,0.08,116,28,0.04,2,-15,0.0,0.08
44,0.3,0.38,-9,0.04,218,-13,0.2,27,-20,0.09,-0.11
45,-0.48,0.39,8,0.11,142,38,0.04,-12,18,0.48,-0.09
46,0.44,0.43,8,0.01,236,-31,0.33,-6,-9,0.4,0.01
47,-0.31,0.01,-2,0.14,146,-58,0.24,30,-5,0.59,0.03
48,0.48,0.27,3,0.15,27,-87,0.16,-2,-13,0.7,0.08
49,0.13,0.33,-3,0.15,54,20,0.0,26,-5,0.38,0.04
50,0.03,0.02,0,0.14,13,-71,0.02,-5,13,0.57,0.11
51,-0.23,0.34,0,0.04,96,-79,0.16,7,14,0.41,-0.01
52,0.06,0.35,-6,0.08,151,45,0.15,1,6,0.58,0.08
53,-0.2,0.12,0,0.15,67,-99,0.07,8,-7,0.12,0.08
54,-0.02,0.02,5,0.0,173,14,0.22,-18,0,0.04,0.08
55,-0.03,0.43,1,0.01,251,-28,0.12,25,-6,0.14,0.08
56,-0.11,0.2,7,0.01,121,-92,0.3,-10,-8,0.38,-0.03
57,-0.12,0.08,3,0.08,20,-56,0.0,30,-17,0.23,-0.03
58,-0.06,0.38,6,0.15,34,-96,0.02,-24,-10,0.12,0.03
59,-0.32,0.09,-5,0.05,233,-30,0.16,-19,11,0.7,0.07
60,0.14,0.44,-3,0.11,223,-40,0.07,17,10,0.56,0.09
61,0.06,0.21,-8,0.1,72,32,0.01,25,16,0.65,-0.11
62,-0.16,0.28,4,0.11,108,-46,0.35,6,19,0.61,0.05
63,0.03,0.11,-5,0.02,-90,-54,0.1,-24,-1,0.06,0.03
64,0.24,0.45,9,0.08,200,-93,0.04,-10,19,0.58,-0.1
65,-0.33,0.13,-1,0.04,175,34,0.26,-14,-15,0.31,-0.01
66,0.22,0.0,7,0.05,101,-27,0.3,12,13,0.65,0.08
67,-0.37,0.23,-7,0.14,33,43,0.05,10,-1,0.45,0.04
68,-0.2,0.05,4,0.03,9,-39,0.33,23,-13,0.17,0.13
69,-0.33,0.32,6,0.1,16,-10,0.19,15,12,0.56,-0.12
70,0.03,0.11,-8,0.06,-33,84,0.2,-6,17,0.59,-0.07
71,0.18,0.4,10,0.12,-29,35,0.23,-8,-1,0.0,0.04
72,0.0,0.04,6,0.0,220,7,0.26,-15,-16,0.59,0.04
73,0.41,0.17,-4,0.01,205,53,0.03,-24,4,0.21,-0.06
74,0.41,0.17,-5,0.05,-56,-61,0.12,13,-7,0.15,-0.06
75,0.33,0.12,4,0.14,78,-42,0.3,18,-7,0.25,0.12
76,0.03,0.23,4,0.11,190,-36,0.19,19,16,0.36,0.01
77,0.28,0.21,3,0.01,207,-60,0.3,1,3,0.55,0.05
78,-0.5,0.08,10,0.01,-20,-85,0.05,29,5,0.34,0.01
79,-0.37,0.14,2,0.15,-15,-24,0.06,6,-13,0.13,0.11
80,0.07,0.1,-9,0.09,178,24,0.28,6,18,0.15,-0.13
81,0.26,0.37,5,0.0,166,15,0.11,4,-16,0.62,0.0
82,-0.47,0.38,-4,0.06,71,-75,0.27,28,-5,0.35,-0.11
83,0.2,0.44,9,0.04,83,-84,0.14,-20,12,0.48,0.1
84,-0.47,0.17,9,0.15,253,-88,0.19,-12,-6,0.48,-0.08
85,0.34,0.35,-3,0.06,205,-5,0.33,-14,-8,0.43,-0.09
86,0.29,0.03,2,0.13,36,-75,0.31,-14,5,0.02,-0.12
87,-0.4,0.31,0,0.15,-57,-46,0.03,-24,12,0.1,0.02
88,0.37,0.31,5,0.01,158,33,0.15,16,10,0.34,0.01
89,0.1,0.16,-2,0.14,69,9,0.14,-14,12,0.57,0.1
90,-0.47,0.04,-1,0.05,235,94,0.08,28,16,0.52,0.12
91,-0.02,0.24,0,0.1,2,97,0.29,25,20,0.17,0.08
92,0.02,0.33,-2,0.1,192,71,0.15,10,-15,0.26,-0.02
93,-0.07,0.4,2,0.05,-59,39,0.15,-23,4,0.12,-0.08
94,-0.14,0.0,2,0.15,201,23,0.09,-22,-2,0.01,-0.08
95,-0.45,0.11,-4,0.08,237,58,0.36,-24,-15,0.48,0.05
96,0.21,0.12,10,0.01,247,-3,0.14,8,18,0.38,-0.07
97,-0.12,0.37,-10,0.1,32,31,0.33,-6,13,0.66,0.06
98,0.36,0.01,4,0.14,191,-56,0.25,12,8,0.1,-0.09
99,0.44,0.43,-9,0.15,167,7,0.16,24,-16,0.46,-0.1
100,0.48,0.14,-1,0.08,233,80,0.09,13,20,0.05,-0.05
101,-0.08,0.19,5,0.0,250,-77,0.08,-8,-5,0.15,-0.01
102,0.34,0.2,-9,0.07,178,-7,0.2,16,-3,0.18,-0.05
103,0.45,0.2,-4,0.03,182,99,0.04,8,8,0.29,-0.08
104,0.26,0.0,-6,0.15,189,-16,0.32,-26,13,0.46,0.0
105,-0.17,0.38,3,0.13,128,-66,0.31,15,3,0.24,0.11
106,0.08,0.16,2,0.11,-74,-19,0.08,10,-3,0.45,0.12
107,-0.08,0.27,-3,0.14,147,-83,0.25,3,16,0.11,0.04
108,-0.28,0.23,-9,0.12,47,-96,0.24,18,-12,0.26,0.09
109,-0.5,0.38,-3,0.08,-53,-77,0.06,18,10,0.44,-0.09
110,0.05,0.08,-6,0.06,-38,90,0.05,-2,12,0.03,0.0
111,0.48,0.05,6,0.07,194,11,0.3,14,-4,0.1,-0.07
112,-0.31,0.46,6,0.14,-65,-4,0.3,12,-20,0.03,-0.05
113,0.03,0.04,-3,0.06,127,68,0.0,-23,19,0.19,-0.07
114,0.18,0.45,8,0.01,-68,-70,0.06,-18,-13,0.34,-0.08
115,0.12,0.03,2,0.0,84,-79,0.27,-25,-12,0.45,-0.09
116,0.0,0.18,1,0.05,-20,-92,0.0,17,-16,0.02,-0.03
117,0.18,0.44,-10,0.03,186,-62,0.01,-6,-7,0.17,-0.06
118,-0.15,0.39,-8,0.11,151,88,0.29,-22,14,0.25,-0.08
119,-0.27,0.17,-3,0.05,169,11,0.04,-24,-7,0.65,-0.07
120,-0.41,0.25,-5,0.1,95,39,0.21,1,-8,0.67,-0.03
121,-0.02,0.15,-9,0.05,234,-78,0.09,-26,6,0.64,0.1
122,-0.29,0.1,-6,0.11,2,-6,0.06,-3,-13,0.04,0.1
123,-0.25,0.15,-10,0.02,-19,57,0.15,12,-14,0.52,0.08
124,0.04,0.16,-1,0.02,98,17,0.32,21,-1,0.06,0.07
125,-0.44,0.2,4,0.08,17,94,0.05,25,-19,0.56,-0.07
126,-0.13,0.31,6,0.09,153,7,0.12,17,11,0.44,-0.1
127,0.08,0.18,7,0.14,150,25,0.33,2,-7,0.27,-0.13
128,-0.11,0.05,-4,0.13,93,-8,0.11,-2,18,0.5,-0.1
129,0.44,0.28,2,0.02,259,14,0.31,-17,-5,0.53,0.1
130,0.01,0.35,-8,0.1,1,-5,0.07,30,12,0.24,0.08
131,-0.2,0.28,7,0.0,-2,-84,0.2,-14,-11,0.34,-0.01
132,0.16,0.38,-6,0.07,-32,-44,0.02,8,18,0.37,-0.1
133,-0.26,0.14,0,0.1,250,-69,0.15,-14,19,0.56,0.02
134,0.05,0.36,0,0.06,233,-27,0.16,11,-14,0.04,-0.1
135,-0.33,0.15,-2,0.06,196,-68,0.13,-16,16,0.03,0.05
136,-0.05,0.14,-9,0.0,-38,-37,0.12,16,9,0.35,-0.05
137,0.39,0.36,2,0.06,112,-25,0.03,-14,6,0.55,-0.11
138,-0.05,0.0,-7,0.03,188,61,0.08,-21,-15,0.13,-0.08
139,-0.15,0.25,-1,0.09,192,16,0.06,21,15,0.3,0.06
140,-0.34,0.32,-3,0.0,234,67,0.29,8,-15,0.58,-0.13
141,-0.38,0.41,-4,0.03,84,27,0.32,11,-6,0.02,0.04
142,0.36,0.1,-6,0.01,210,17,0.1,4,18,0.27,-0.11
143,0.32,0.03,-7,0.15,-3,-56,0.21,-19,12,0.51,-0.07
144,0.17,0.28,-3,0.0,33,-3,0.31,0,-2,0.61,-0.1
145,0.42,0.03,-7,0.14,115,-67,0.14,-6,17,0.04,0.13
146,0.45,0.03,10,0.14,21,-24,0.22,-26,6,0.58,-0.05
147,-0.3,0.04,7,0.11,252,2,0.02,11,7,0.1,0.1
148,-0.4,0.37,9,0.08,-86,-93,0.03,-19,-7,0.14,-0.06
149,-0.42,0.39,2,0.09,26,-71,0.14,-19,-7,0.19,0.04
150,0.39,0.01,-8,0.15,-87,68,0.08,23,-12,0.0,-0.06
151,0.22,0.03,-2,0.07,25,91,0.08,27,20,0.18,-0.04
152,-0.2,0.08,10,0.07,183,17,0.13,16,-16,0.46,-0.01
153,-0.38,0.35,9,0.03,198,85,0.3,-14,10,0.14,-0.1
154,-0.32,0.06,-4,0.04,28,-25,0.02,1,12,0.26,0.01
155,0.43,0.4,-3,0.07,232,-82,0.06,-17,8,0.53,0.11
156,0.42,0.28,6,0.06,151,-23,0.05,-1,-4,0.09,-0.08
157,-0.06,0.13,1,0.02,-83,-34,0.18,26,15,0.34,0.05
158,0.07,0.08,-6,0.08,48,49,0.07,24,17,0.04,0.09
159,-0.5,0.17,-2,0.14,213,-56,0.1,25,-3,0.68,-0.04
160,0.23,0.24,4,0.1,-11,-100,0.19,-14,-19,0.32,0.08
161,0.04,0.15,9,0.05,-29,-91,0.2,8,8,0.55,-0.07
162,0.42,0.04,-4,0.02,47,-44,0.35,-6,17,0.55,0.0
163,0.16,0.23,3,0.01,85,-31,0.32,24,-17,0.03,-0.11
164,-0.34,0.3,3,0.12,125,58,0.04,17,13,0.69,-0.11
165,-0.45,0.22,-1,0.05,51,33,0.28,-1,8,0.25,-0.04
166,0.01,0.32,-10,0.1,121,-70,0.07,-30,19,0.58,-0.01
167,0.4,0.37,7,0.13,169,-73,0.2,-11,-1,0.45,0.08
168,-0.16,0.13,-7,0.11,85,45,0.34,-13,9,0.31,-0.12
169,0.17,0.03,-2,0.13,24,-25,0.07,-21,4,0.7,0.11
170,0.44,0.45,2,0.0,-28,-86,0.17,-23,-14,0.19,0.12
171,0.28,0.07,-4,0.05,148,22,0.0,-8,7,0.51,0.0
172,0.04,0.1,10,0.0,-46,-92,0.36,2,-17,0.12,-0.11
173,0.27,0.19,-5,0.12,39,11,0.1,-5,8,0.68,-0.07
174,0.34,0.4,-4,0.01,231,84,0.2,3,11,0.31,-0.04
175,-0.49,0.23,3,0.14,16,90,0.24,16,1,0.41,0.01
176,-0.36,0.09,2,0.01,256,37,0.15,5,1,0.28,-0.13
177,-0.17,0.26,0,0.14,125,87,0.1,13,-2,0.29,0.0
178,-0.3,0.15,6,0.08,186,-5,0.13,28,13,0.57,-0.12
179,-0.1,0.41,-3,0.07,28,11,0.26,-1,13,0.5,-0.11
180,-0.26,0.0,-3,0.14,139,-1,0.28,15,5,0.12,-0.02
181,0.43,0.02,-2,0.15,209,-43,0.1,-2,-3,0.69,0.08
182,0.08,0.36,-2,0.11,-52,-80,0.15,3,15,0.55,-0.13
183,-0.22,0.46,-4,0.05,-32,99,0.25,7,3,0.19,-0.13
184,0.32,0.17,0,0.03,128,62,0.11,-20,-13,0.13,0.0
185,0.32,0.17,9,0.1,102,-86,0.13,-5,15,0.63,0.12
186,-0.43,0.42,-3,0.0,-1,-80,0.04,18,-4,0.51,-0.07
187,0.44,0.21,0,0.11,110,29,0.36,27,9,0.3,-0.1
188,-0.48,0.1,-2,0.13,-86,-38,0.18,23,15,0.14,0.09
189,0.13,0.32,6,0.06,-73,-11,0.2,25,-14,0.18,-0.02
190,-0.48,0.06,-1,0.04,68,15,0.0,-22,10,0.62,-0.11
191,0.37,0.03,-1,0.03,233,-53,0.36,-9,-4,0.54,-0.07
192,-0.33,0.35,1,0.09,93,68,0.02,11,20,0.01,0.06
193,0.4,0.28,-10,0.15,-45,-92,0.35,-20,-9,0.5,-0.05
194,0.43,0.45,-9,0.05,147,-42,0.02,-17,9,0.26,-0.1
195,0.46,0.21,-2,0.08,61,60,0.3,23,-12,0.5,0.02
196,0.24,0.24,-5,0.04,189,-57,0.11,14,9,0.34,-0.02
197,0.03,0.18,6,0.04,74,88,0.3,22,-16,0.51,0.13
198,-0.2,0.19,3,0.12,239,20,0.06,15,-14,0.53,-0.07
199,0.17,0.45,-8,0.12,64,80,0.07,15,0,0.57,-0.07
200,-0.22,0.04,-6,0.14,190,-10,0.23,27,-14,0.16,-0.11
201,-0.13,0.37,-8,0.08,-37,-66,0.02,6,5,0.01,-0.04
202,0.32,0.11,-10,0.02,179,-33,0.27,-17,9,0.55,-0.07
203,-0.33,0.44,-4,0.08,264,76,0.24,-20,18,0.7,-0.09
204,-0.4,0.36,-9,0.08,-39,-95,0.0,22,12,0.36,-0.08
205,-0.37,0.43,10,0.1,87,12,0.07,-4,-16,0.35,-0.11
206,0.31,0.24,-5,0.01,270,56,0.26,14,-7,0.65,0.02
207,-0.25,0.09,-8,0.02,120,-53,0.12,13,1,0.69,-0.08
208,0.16,0.25,1,0.02,18,16,0.19,3,10,0.0,0.04
209,-0.35,0.22,7,0.03,181,-45,0.28,8,-20,0.47,-0.06
210,-0.39,0.25,8,0.12,-76,17,0.15,27,6,0.11,0.03
211,-0.12,0.08,9,0.15,80,-30,0.06,30,-16,0.5,0.13
212,-0.28,0.45,-5,0.08,110,71,0.18,5,-19,0.17,0.03
213,0.05,0.08,-2,0.0,47,69,0.18,18,-5,0.63,-0.11
214,0.07,0.22,2,0.11,270,3,0.01,-19,-10,0.01,-0.1
215,0.37,0.19,-5,0.11,15,16,0.02,22,-5,0.44,0.02
216,0.01,0.3,-10,0.07,138,37,0.33,2,-7,0.4,-0.04
217,-0.02,0.19,-10,0.09,-49,0,0.29,-5,14,0.27,-0.02
218,0.03,0.38,8,0.02,259,-47,0.03,-26,-18,0.29,-0.13
219,-0.33,0.12,-2,0.0,-18,6,0.24,30,3,0.52,0.13
220,0.15,0.32,4,0.04,10,89,0.35,9,7,0.52,0.13
221,-0.08,0.06,1,0.02,32,-55,0.29,-24,-5,0.16,0.12
222,0.43,0.0,-5,0.1,4,-29,0.34,-8,2,0.43,-0.06
223,-0.06,0.34,8,0.03,-33,44,0.17,17,-9,0.1,0.05
224,-0.34,0.18,0,0.13,-71,19,0.16,-21,-7,0.54,-0.09
225,0.01,0.1,9,0.13,244,-20,0.18,-21,-10,0.67,0.06
226,0.04,0.27,2,0.05,258,-92,0.01,-3,19,0.03,0.01
227,0.05,0.15,7,0.0,147,-5,0.25,0,7,0.08,0.11
228,0.33,0.04,3,0.05,157,42,0.26,28,-15,0.02,0.05
229,0.5,0.4,-10,0.11,8,62,0.34,-15,-17,0.28,0.11
230,-0.08,0.29,-1,0.09,237,-54,0.26,-8,6,0.15,-0.01
231,0.11,0.08,3,0.01,138,74,0.12,-28,-20,0.54,-0.04
232,-0.13,0.31,-6,0.06,204,-58,0.24,14,14,0.47,0.09
233,0.3,0.32,6,0.05,165,93,0.24,23,10,0.28,0.0
234,0.49,0.25,-9,0.03,-48,-3,0.22,28,10,0.19,0.13
235,-0.48,0.19,6,0.05,-35,-68,0.35,6,20,0.2,-0.09
236,0.12,0.08,6,0.0,260,-38,0.33,-14,1,0.12,0.1
237,0.49,0.08,10,0.11,267,30,0.19,23,-2,0.49,-0.09
238,0.31,0.1,-7,0.06,-83,-27,0.14,9,-10,0.44,-0.12
239,-0.34,0.35,7,0.1,177,0,0.35,16,7,0.01,0.08
240,0.2,0.25,0,0.1,65,66,0.33,23,-5,0.3,-0.1
241,0.03,0.25,-5,0.04,174,0,0.14,4,-7,0.46,0.02
242,0.48,0.16,9,0.09,121,-31,0.08,-16,1,0.42,-0.04
243,0.46,0.22,2,0.02,-89,68,0.25,5,-10,0.19,-0.06
244,-0.03,0.4,3,0.06,202,25,0.36,3,-19,0.58,-0.12
245,-0.02,0.3,8,0.07,77,-35,0.31,-18,16,0.66,0.03
246,-0.41,0.28,0,0.07,-18,-97,0.27,13,-1,0.44,0.09
247,-0.01,0.15,-8,0.11,110,15,0.14,-7,0,0.21,0.12
248,0.03,0.33,-7,0.12,-37,93,0.22,18,-20,0.11,-0.09
249,-0.16,0.3,-2,0.08,137,-73,0.22,15,17,0.25,-0.02
250,-0.47,0.23,6,0.11,-78,-51,0.31,6,4,0.63,-0.04
251,-0.39,0.02,1,0.01,197,75,0.28,-30,-5,0.23,-0.03
252,-0.01,0.19,9,0.02,-58,-28,0.23,-8,0,0.65,-0.05
253,-0.21,0.37,3,0.1,229,28,0.35,-22,-10,0.65,-0.05
254,-0.14,0.05,3,0.04,-57,77,0.25,-30,10,0.23,0.01
255,0.43,0.05,-3,0.15,149,31,0.07,29,14,0.55,-0.06
256,0.17,0.07,7,0.02,186,-12,0.3,-10,-19,0.02,-0.12
257,-0.24,0.26,8,0.01,261,-31,0.21,30,11,0.37,-0.11
258,0.02,0.07,3,0.0,106,63,0.15,-2,-16,0.19,-0.05
259,-0.14,0.39,-2,0.08,80,29,0.2,-26,1,0.36,0.06
260,0.23,0.23,8,0.02,2,14,0.27,-26,8,0.04,0.08
261,-0.19,0.08,-1,0.09,165,63,0.31,-21,0,0.37,0.09
262,0.35,0.22,-1,0.13,-17,8,0.04,-17,-9,0.04,-0.06
263,0.42,0.33,4,0.08,-47,-29,0.29,-15,16,0.52,-0.11
264,0.18,0.42,8,0.05,24,96,0.12,21,0,0.23,-0.1
265,0.33,0.31,2,0.06,100,34,0.21,6,3,0.15,-0.06
266,0.21,0.09,2,0.14,143,-3,0.22,11,-10,0.56,-0.03
267,0.11,0.22,3,0.09,71,-15,0.23,7,-9,0.48,0.01
268,0.43,0.13,-4,0.05,142,-81,0.01,-8,6,0.53,0.02
269,-0.14,0.02,-10,0.0,112,-4,0.15,-1,-7,0.22,0.1
270,-0.08,0.43,6,0.15,-4,56,0.36,3,12,0.59,0.08
271,-0.37,0.34,-9,0.09,26,1,0.2,-17,4,0.03,-0.1
272,-0.02,0.11,9,0.07,202,4,0.05,5,-4,0.25,-0.06
273,0.32,0.29,6,0.05,79,64,0.28,30,-19,0.43,-0.12
274,-0.18,0.42,10,0.08,9,34,0.22,0,-9,0.59,0.01
275,-0.12,0.33,-6,0.08,238,-10,0.26,-16,11,0.24,0.09
276,-0.1,0.01,0,0.03,105,29,0.29,26,6,0.25,-0.01
277,0.03,0.28,9,0.02,203,66,0.36,18,5,0.12,0.04
278,0.43,0.26,-5,0.06,91,79,0.12,-3,-2,0.63,0.09
279,-0.36,0.16,-3,0.08,128,5,0.32,1,-12,0.61,-0.11
280,-0.12,0.12,-4,0.0,138,13,0.17,26,13,0.37,0.07
281,0.36,0.46,3,0.02,-32,64,0.06,15,-17,0.15,-0.05
282,-0.13,0.33,-1,0.09,232,-89,0.29,26,10,0.22,-0.08
283,-0.5,0.04,4,0.1,23,54,0.17,26,-19,0.48,0.12
284,0.09,0.03,-10,0.1,219,-79,0.09,-17,20,0.23,0.08
285,-0.09,0.16,-6,0.1,34,-5,0.1,-20,5,0.2,0.08
286,-0.06,0.19,3,0.11,236,-75,0.36,-28,13,0.53,0.06
287,-0.31,0.46,9,0.15,203,13,0.23,-1,-19,0.24,-0.05
288,0.26,0.4,-9,0.12,160,-67,0.1,13,-2,0.68,0.08
289,0.16,0.28,-5,0.14,-48,-79,0.28,-16,-16,0.32,-0.09
290,-0.37,0.03,0,0.15,-56,17,0.3,26,-17,0.02,0.03
291,0.37,0.22,0,0.02,223,-76,0.22,-2,4,0.21,0.11
292,0.15,0.03,4,0.09,220,-34,0.31,21,-12,0.05,0.05
293,0.18,0.21,5,0.08,-61,24,0.17,-14,-13,0.64,0.0
294,0.04,0.34,4,0.15,-5,75,0.35,0,9,0.24,0.12
295,-0.5,0.37,1,0.04,-52,23,0.29,-9,-20,0.35,0.1
296,0.37,0.26,2,0.1,246,31,0.09,-11,17,0.01,0.1
297,0.33,0.45,-2,0.08,0,-97,0.25,-14,-12,0.15,-0.1
298,-0.4,0.12,-8,0.06,-35,-48,0.03,30,8,0.46,-0.12
299,0.15,0.25,-8,0.08,190,62,0.32,-18,-17,0.23,0.12
300,-0.48,0.25,5,0.14,-34,-41,0.09,2,13,0.15,0.07
301,0.37,0.36,2,0.14,255,26,0.18,0,19,0.53,0.1
302,0.26,0.39,-3,0.1,-9,-43,0.25,-29,-4,0.1,-0.12
303,-0.11,0.27,8,0.15,182,29,0.27,16,4,0.09,-0.05
304,-0.14,0.04,-9,0.02,104,44,0.11,-12,-16,0.2,0.01
305,-0.15,0.34,-6,0.11,-10,-23,0.24,-29,-4,0.19,0.02
306,0.49,0.27,-6,0.11,114,-79,0.1,-25,12,0.14,0.13
307,-0.24,0.42,6,0.07,120,88,0.21,-20,17,0.37,0.08
308,-0.31,0.09,9,0.06,232,-75,0.14,-10,5,0.4,0.05
309,-0.46,0.41,-6,0.1,-84,45,0.32,-26,7,0.44,0.02
310,-0.11,0.11,6,0.14,106,41,0.28,18,8,0.55,0.05
311,0.37,0.1,6,0.12,253,-83,0.36,-6,-17,0.66,0.05
312,0.24,0.44,6,0.11,234,-78,0.29,-7,-2,0.18,0.13
313,0.29,0.09,-4,0.09,-86,-12,0.16,-23,-1,0.12,-0.02
314,0.42,0.36,7,0.15,-89,80,0.03,-12,16,0.43,-0.13
315,0.02,0.1,-3,0.15,222,0,0.32,26,-20,0.43,-0.1
316,-0.06,0.14,0,0.12,176,17,0.05,5,10,0.16,-0.13
317,-0.37,0.11,-9,0.0,-51,22,0.04,-10,14,0.14,-0.12
318,-0.17,0.21,-1,0.13,23,17,0.0,-18,-20,0.32,-0.01
319,-0.35,0.14,-10,0.04,85,-30,0.18,4,-3,0.2,-0.05
320,-0.33,0.28,9,0.11,-48,4,0.09,0,-14,0.47,-0.11
321,0.38,0.23,2,0.03,88,-98,0.05,3,11,0.33,-0.12
322,-0.27,0.18,2,0.12,119,-66,0.16,-6,18,0.32,0.09
323,0.09,0.18,3,0.03,219,-78,0.28,-29,-6,0.3,-0.09
324,-0.42,0.16,0,0.09,180,54,0.31,29,-8,0.7,0.1
325,-0.1,0.17,-5,0.04,42,48,0.2,-15,14,0.26,-0.08
326,0.27,0.38,1,0.05,166,-37,0.05,26,-10,0.17,0.07
327,-0.03,0.17,9,0.01,167,-18,0.12,-27,18,0.56,0.03
328,-0.05,0.43,-5,0.09,259,2,0.31,23,0,0.27,0.11
329,-0.25,0.44,10,0.02,56,-39,0.08,27,4,0.53,-0.08
330,-0.19,0.3,-5,0.07,142,-85,0.18,-19,11,0.65,-0.03
331,-0.4,0.08,5,0.05,176,58,0.08,20,13,0.01,-0.08
332,-0.12,0.28,9,0.05,199,24,0.36,0,2,0.68,0.08
333,0.3,0.02,-10,0.01,46,96,0.28,17,6,0.32,-0.03
334,0.37,0.3,-2,0.09,155,57,0.3,11,10,0.47,-0.01
335,0.34,0.26,7,0.01,184,21,0.19,27,-3,0.7,0.0
336,0.1,0.44,10,0.01,188,6,0.0,10,10,0.49,-0.08
337,-0.33,0.09,-2,0.09,74,-71,0.16,28,-7,0.7,-0.12
338,-0.35,0.03,1,0.02,115,53,0.33,1,-7,0.59,-0.04
339,0.35,0.06,8,0.09,68,37,0.3,-27,-10,0.12,-0.02
340,-0.31,0.01,6,0.15,1,82,0.35,30,6,0.19,-0.13
341,-0.3,0.46,-2,0.01,99,43,0.32,7,-5,0.42,-0.08
342,-0.47,0.37,-5,0.12,210,-52,0.13,-24,-18,0.13,-0.07
343,0.24,0.25,8,0.12,43,33,0.34,30,-2,0.7,-0.09
344,0.09,0.04,-10,0.11,-54,65,0.12,29,-18,0.68,0.04
345,-0.39,0.23,-6,0.09,-59,-44,0.11,-25,7,0.16,-0.09
346,-0.02,0.12,-5,0.14,158,-25,0.07,21,14,0.4,0.02
347,-0.44,0.25,-3,0.07,105,-17,0.11,5,-14,0.44,0.09
348,0.4,0.2,2,0.13,123,-64,0.3,-22,9,0.29,-0.07
349,-0.33,0.31,-2,0.07,270,-14,0.17,30,7,0.57,-0.12
350,0.26,0.14,2,0.09,-17,2,0.03,15,16,0.62,0.06
351,0.08,0.32,7,0.1,243,-88,0.19,-7,0,0.57,-0.1
352,0.22,0.46,5,0.07,-20,24,0.04,9,-2,0.3,-0.12
353,-0.5,0.35,-2,0.12,130,-14,0.23,13,10,0.7,0.01
354,0.01,0.02,-8,0.13,208,-77,0.13,-20,-10,0.13,0.06
355,-0.2,0.01,-5,0.13,174,9,0.25,17,-10,0.07,0.13
356,0.32,0.18,-3,0.07,64,75,0.1,19,1,0.2,0.08
357,-0.23,0.35,8,0.0,54,-18,0.01,-7,19,0.13,0.02
358,0.2,0.13,-7,0.11,-9,-18,0.14,-16,-5,0.48,-0.12
359,0.03,0.27,-9,0.07,225,-21,0.15,-30,4,0.58,-0.08
360,-0.11,0.3,-10,0.06,-78,24,0.04,24,5,0.12,-0.09
361,0.01,0.2,6,0.12,69,36,0.06,-29,-11,0.07,0.07
362,0.46,0.46,-4,0.02,194,-21,0.1,-19,17,0.31,0.11
363,-0.05,0.12,-2,0.14,217,-36,0.06,23,-16,0.21,-0.08
364,-0.11,0.35,8,0.05,71,-53,0.15,-22,7,0.49,-0.12
365,0.38,0.34,6,0.09,163,21,0.28,-16,3,0.54,0.08
366,0.0,0.42,8,0.02,-61,69,0.16,-19,-16,0.43,-0.13
367,-0.04,0.18,8,0.0,80,-40,0.07,28,7,0.6,0.12
368,0.1,0.24,0,0.0,256,-20,0.1,-27,-14,0.57,0.03
369,0.3,0.34,5,0.1,6,-17,0.02,-26,11,0.61,-0.03
370,0.19,0.01,-2,0.09,90,8,0.31,24,9,0.58,-0.03
371,0.3,0.4,-7,0.1,11,-20,0.09,-15,1,0.01,0.05
372,-0.16,0.13,5,0.03,19,-52,0.36,-2,15,0.5,-0.11
373,0.31,0.02,-2,0.09,64,-94,0.33,11,2,0.04,0.04
374,0.36,0.05,-2,0.15,190,52,0.06,-24,-11,0.42,0.09
375,-0.34,0.37,3,0.15,216,-3,0.06,-18,20,0.02,0.08
376,-0.03,0.09,5,0.02,216,-69,0.32,8,10,0.31,-0.02
377,-0.47,0.14,7,0.01,11,25,0.19,7,19,0.67,0.13
378,0.26,0.22,0,0.13,270,-20,0.2,-18,9,0.61,-0.09
379,0.39,0.08,3,0.1,179,74,0.0,-27,-5,0.21,-0.13
380,-0.45,0.35,3,0.08,160,17,0.24,1,-10,0.48,-0.11
381,0.16,0.17,3,0.02,-30,-10,0.15,-28,-17,0.32,-0.13
382,0.14,0.17,-1,0.06,34,100,0.03,-1,15,0.58,-0.09
383,-0.05,0.28,7,0.07,112,-83,0.16,25,9,0.59,0.03
384,0.09,0.09,-5,0.02,200,-15,0.22,-20,9,0.35,-0.03
385,-0.41,0.03,-7,0.06,84,-2,0.31,3,-20,0.03,0.07
386,-0.37,0.15,5,0.09,39,40,0.12,-30,7,0.66,0.0
387,0.17,0.38,4,0.01,-50,-65,0.32,-4,-2,0.42,0.1
388,0.29,0.43,0,0.13,60,49,0.35,0,9,0.42,0.06
389,0.32,0.44,-7,0.0,150,-7,0.15,24,-2,0.69,-0.03
390,0.34,0.41,5,0.01,256,-88,0.31,15,14,0.69,0.03
391,0.29,0.1,-6,0.07,119,-53,0.01,-20,-3,0.1,0.08
392,-0.37,0.03,4,0.12,-25,41,0.23,23,-18,0.01,-0.1
393,0.25,0.27,3,0.11,5,25,0.26,-30,8,0.3,0.08
394,-0.01,0.35,-10,0.06,111,44,0.12,30,-8,0.43,0.07
395,0.38,0.14,4,0.15,99,44,0.07,-1,1,0.3,-0.13
396,0.31,0.44,3,0.05,77,82,0.21,-15,20,0.41,-0.06
397,0.34,0.44,-5,0.02,108,50,0.21,3,-5,0.62,0.03
398,-0.11,0.2,-9,0.09,190,45,0.0,29,6,0.7,0.12
399,-0.12,0.19,-7,0.03,127,-89,0.34,-1,-17,0.01,0.06
400,-0.13,0.03,7,0.02,131,51,0.09,-15,10,0.1,0.0
401,0.38,0.01,-1,0.02,-88,-17,0.35,-23,19,0.48,-0.07
402,-0.31,0.18,8,0.01,191,-72,0.25,23,9,0.39,0.06
403,-0.23,0.43,1,0.02,-57,-66,0.1,1,-6,0.13,0.11
404,-0.29,0.0,-4,0.12,191,75,0.12,13,7,0.03,-0.09
405,-0.5,0.0,3,0.01,259,16,0.32,17,-16,0.34,0.13
406,0.23,0.3,-1,0.05,41,11,0.32,30,1,0.51,0.08
407,-0.49,0.25,1,0.08,9,-11,0.11,-16,6,0.4,-0.02
408,-0.14,0.35,8,0.01,-67,-9,0.13,6,1,0.4,-0.04
409,0.01,0.03,-3,0.07,-47,26,0.34,-22,-9,0.52,0.08
410,-0.17,0.25,-6,0.0,15,42,0.05,-28,17,0.39,-0.13
411,0.46,0.27,-8,0.13,134,-9,0.3,3,-19,0.68,0.07
412,0.36,0.2,0,0.08,-81,-77,0.0,-2,-14,0.6,0.07
413,-0.24,0.37,3,0.09,65,-49,0.15,-28,12,0.25,-0.04
414,0.36,0.42,-9,0.11,18,-76,0.33,-11,4,0.06,-0.07
415,0.42,0.24,-4,0.14,132,-90,0.29,-26,6,0.1,0.02
416,-0.44,0.07,10,0.12,169,82,0.34,-27,-19,0.54,0.05
417,0.44,0.12,7,0.14,-18,-16,0.34,-10,4,0.22,-0.06
418,-0.47,0.38,6,0.07,107,15,0.27,-24,15,0.09,0.02
419,-0.22,0.43,9,0.05,-78,-78,0.03,11,-10,0.45,0.04
420,-0.15,0.46,5,0.12,56,89,0.02,4,18,0.25,0.07
421,-0.19,0.28,4,0.05,-64,19,0.26,6,-2,0.42,-0.04
422,-0.31,0.46,-5,0.11,173,-33,0.05,13,-19,0.27,0.04
423,0.02,0.16,2,0.06,-23,-94,0.1,22,6,0.36,0.03
424,-0.09,0.17,0,0.08,89,-34,0.26,-1,9,0.51,0.07
425,0.28,0.35,10,0.12,-7,-9,0.24,-24,-18,0.23,0.0
426,0.0,0.09,-7,0.14,-20,73,0.2,-4,19,0.23,0.12
427,-0.04,0.36,-1,0.14,64,76,0.04,12,6,0.02,0.03
428,0.21,0.38,6,0.1,57,28,0.14,-16,10,0.62,-0.03
429,-0.01,0.27,-9,0.06,30,33,0.32,-22,5,0.19,-0.07
430,0.0,0.3,-9,0.07,50,63,0.11,11,20,0.63,-0.05
431,0.27,0.15,-6,0.14,211,-97,0.18,5,-10,0.55,0.13
432,0.08,0.18,8,0.01,-76,70,0.07,-19,-6,0.46,-0.02
433,0.26,0.07,0,0.0,48,-35,0.19,-4,17,0.42,0.08
434,0.49,0.25,10,0.02,74,-21,0.07,13,13,0.08,0.0
435,-0.48,0.42,-7,0.02,240,67,0.2,-7,-6,0.15,-0.01
436,0.11,0.14,-1,0.07,56,95,0.29,-29,14,0.26,0.02
437,0.1,0.2,-6,0.02,33,78,0.34,17,-4,0.62,0.13
438,-0.32,0.17,0,0.06,-15,-47,0.15,-11,-15,0.44,0.05
439,-0.15,0.03,-5,0.07,209,-90,0.15,25,17,0.4,0.01
440,-0.48,0.08,4,0.11,77,78,0.31,14,4,0.09,0.07
441,0.05,0.41,-4,0.09,108,-78,0.02,29,-16,0.2,-0.01
442,0.46,0.19,-10,0.05,97,-29,0.02,20,-18,0.54,-0.08
443,0.13,0.24,3,0.02,27,-51,0.35,19,20,0.04,0.06
444,0.2,0.06,9,0.09,232,20,0.31,-7,-9,0.18,-0.08
445,-0.25,0.14,-9,0.02,197,3,0.01,-25,-8,0.66,0.12
446,0.45,0.4,-6,0.1,238,3,0.31,-21,17,0.34,0.0
447,0.06,0.19,-2,0.12,162,78,0.22,-26,-16,0.66,-0.12
448,0.08,0.35,-4,0.15,28,-60,0.12,-6,9,0.61,0.1
449,0.32,0.31,-9,0.02,264,10,0.12,-26,8,0.41,-0.08
450,0.26,0.38,-1,0.01,157,-97,0.31,14,19,0.64,-0.12
451,0.1,0.13,-1,0.13,258,-54,0.35,9,14,0.67,0.07
452,-0.33,0.15,1,0.07,-6,9,0.3,18,-6,0.3,0.05
453,-0.17,0.44,1,0.07,203,-40,0.24,-22,-10,0.28,0.01
454,0.16,0.13,-5,0.14,188,-22,0.09,-16,-9,0.63,-0.03
455,0.44,0.42,9,0.11,231,95,0.18,1,-9,0.26,0.06
456,-0.32,0.14,-10,0.06,218,96,0.1,11,9,0.56,0.11
457,0.16,0.16,4,0.0,56,2,0.03,-27,11,0.03,-0.12
458,-0.14,0.42,-4,0.08,137,-49,0.33,16,6,0.18,0.07
459,-0.43,0.06,2,0.03,-66,-40,0.14,-7,-15,0.32,-0.04
460,0.5,0.24,-2,0.12,233,-95,0.15,-18,8,0.38,-0.06
461,0.12,0.03,-1,0.07,37,-74,0.08,13,-17,0.42,-0.12
462,-0.49,0.1,-5,0.04,77,-93,0.12,-21,8,0.38,0.04
463,0.35,0.03,-1,0.05,139,-33,0.28,27,20,0.33,0.11
464,0.27,0.43,-6,0.09,21,-69,0.02,18,-3,0.47,-0.12
465,0.07,0.03,-10,0.0,81,22,0.08,11,20,0.06,0.06
466,-0.2,0.16,9,0.08,13,-70,0.26,-1,-4,0.47,-0.01
467,0.42,0.03,-7,0.05,-4,87,0.22,-22,-8,0.49,-0.11
468,-0.34,0.16,-8,0.13,112,49,0.08,26,-12,0.08,0.08
469,0.31,0.37,5,0.03,120,55,0.32,-29,-7,0.56,0.02
470,0.46,0.28,-4,0.08,1,-70,0.11,21,-8,0.6,0.09
471,-0.3,0.32,2,0.14,24,85,0.15,2,6,0.62,0.0
472,-0.15,0.32,10,0.01,149,41,0.04,4,-13,0.62,-0.05
473,0.32,0.2,8,0.15,-18,-37,0.03,1,7,0.17,-0.13
474,-0.27,0.1,8,0.01,56,55,0.21,-16,6,0.43,0.0
475,-0.08,0.28,9,0.1,225,-92,0.14,15,-16,0.59,0.01
476,0.49,0.0,0,0.11,99,9,0.05,2,9,0.14,0.0
477,-0.43,0.21,10,0.08,173,44,0.22,0,3,0.06,0.02
478,0.27,0.27,5,0.14,-74,78,0.18,-25,-10,0.24,0.02
479,-0.03,0.31,8,0.13,53,-26,0.11,6,17,0.16,0.05
480,-0.32,0.03,-5,0.08,269,-94,0.34,27,8,0.61,0.08
481,-0.07,0.39,3,0.14,-37,81,0.07,-18,18,0.34,-0.1
482,0.37,0.37,-5,0.03,95,-32,0.15,-5,9,0.22,0.04
483,0.42,0.3,-1,0.14,48,55,0.24,30,17,0.47,0.08
484,0.38,0.33,5,0.11,-29,-53,0.02,-29,-14,0.51,-0.05
485,0.35,0.45,-4,0.12,170,91,0.16,22,2,0.14,-0.05
486,-0.49,0.43,4,0.04,93,30,0.08,21,19,0.69,-0.11
487,0.44,0.14,-10,0.06,-7,89,0.31,-29,7,0.04,0.0
488,0.42,0.36,7,0.08,229,12,0.32,-29,-14,0.26,0.11
489,0.41,0.45,9,0.05,-9,-22,0.02,2,9,0.67,-0.06
490,-0.09,0.14,-7,0.03,-62,-16,0.25,3,6,0.7,-0.05
491,-0.28,0.16,5,0.11,24,-74,0.26,1,-19,0.65,0.02
492,0.27,0.3,6,0.06,120,-42,0.09,-25,-10,0.46,0.0
493,-0.02,0.42,6,0.12,243,-82,0.06,-20,9,0.19,-0.07
494,0.39,0.42,-10,0.0,173,-23,0.21,-23,16,0.62,0.13
495,0.09,0.26,6,0.1,51,14,0.25,6,-13,0.6,0.11
496,-0.41,0.18,-9,0.15,259,-54,0.17,1,-9,0.4,0.08
497,0.19,0.23,-10,0.02,-3,68,0.09,-20,10,0.44,0.13
498,0.0,0.25,7,0.05,-21,-7,0.29,-29,10,0.44,-0.13
499,0.12,0.41,-10,0.03,90,-77,0.16,10,17,0.43,-0.03
500,-0.08,0.46,-9,0.08,107,-74,0.32,-6,4,0.69,0.07
501,0.21,0.04,-2,0.05,59,-46,0.35,29,-10,0.46,0.02
502,-0.01,0.28,-10,0.05,162,-22,0.21,-16,18,0.69,-0.11
503,-0.36,0.35,-9,0.03,126,24,0.15,-14,3,0.18,-0.06
504,0.4,0.43,1,0.1,-7,-5,0.21,4,7,0.19,0.05
505,-0.49,0.07,0,0.0,253,4,0.1,-17,17,0.04,0.08
506,-0.43,0.03,-3,0.08,82,-37,0.04,-27,18,0.1,-0.05
507,0.13,0.25,-6,0.13,74,-4,0.34,2,14,0.37,0.05
508,-0.03,0.41,3,0.01,43,-47,0.02,29,9,0.28,-0.11
509,0.07,0.2,-8,0.06,77,62,0.19,19,-7,0.54,-0.04
510,-0.24,0.43,-6,0.12,30,-60,0.33,-30,-19,0.18,-0.08
511,0.32,0.25,0,0.14,176,93,0.11,16,16,0.47,-0.07
512,-0.34,0.08,-10,0.08,-23,-100,0.24,-6,-4,0.31,0.01
513,0.01,0.38,-2,0.1,245,-73,0.16,5,-10,0.21,-0.06
514,0.37,0.05,-3,0.03,72,81,0.27,20,-8,0.49,-0.05
515,-0.4,0.44,8,0.12,248,-40,0.03,-20,-7,0.04,-0.01
516,0.18,0.41,8,0.11,166,-14,0.09,23,17,0.4,0.03
517,-0.11,0.22,7,0.09,-86,75,0.19,17,11,0.7,-0.03
518,0.48,0.32,8,0.12,103,66,0.32,-25,11,0.06,0.08
519,-0.5,0.38,-6,0.01,146,33,0.15,-21,12,0.38,0.12
520,-0.49,0.09,2,0.12,53,93,0.23,-8,2,0.47,-0.01
521,0.33,0.15,-8,0.05,132,32,0.21,4,10,0.38,0.09
522,-0.46,0.33,4,0.12,91,66,0.16,-16,-18,0.63,-0.07
523,0.08,0.14,7,0.15,99,-68,0.21,23,10,0.43,-0.02
524,-0.09,0.13,-4,0.15,109,78,0.07,-25,-15,0.45,0.08
525,-0.44,0.4,7,0.09,-55,-5,0.11,-17,14,0.69,-0.05
526,-0.13,0.36,4,0.0,-60,6,0.07,-7,-8,0.03,-0.08
527,0.34,0.32,8,0.08,-51,10,0.29,11,0,0.16,0.05
528,0.3,0.14,7,0.05,-50,-54,0.33,-18,-4,0.26,0.1
529,0.26,0.18,-2,0.0,190,90,0.06,24,-7,0.62,-0.02
530,-0.13,0.4,-6,0.03,77,-31,0.27,-18,1,0.43,0.1
531,-0.09,0.08,10,0.07,-84,81,0.17,-5,10,0.52,-0.11
532,-0.13,0.0,6,0.05,214,55,0.2,2,12,0.43,-0.06
533,0.17,0.09,9,0.15,270,-15,0.0,20,17,0.44,0.13
534,-0.03,0.39,8,0.1,-25,-12,0.33,-7,-18,0.34,-0.11
535,-0.18,0.45,-5,0.0,240,47,0.17,-11,10,0.06,0.02
536,-0.18,0.08,1,0.11,99,26,0.23,-16,-9,0.37,0.07
537,-0.28,0.36,-6,0.05,103,94,0.32,23,13,0.38,0.12
538,-0.22,0.42,0,0.12,258,95,0.35,-11,-16,0.61,-0.12
539,0.06,0.41,7,0.03,6,30,0.26,9,-7,0.58,0.02
540,0.36,0.35,-10,0.11,123,14,0.07,5,-16,0.35,0.05
541,-0.12,0.3,-6,0.05,-31,-20,0.36,-7,20,0.62,-0.07
542,-0.49,0.44,8,0.11,206,-74,0.32,-14,4,0.58,-0.08
543,-0.01,0.33,-5,0.07,218,3,0.05,17,-15,0.4,-0.09
544,0.43,0.29,10,0.07,235,-98,0.05,-28,17,0.0,0.1
545,0.41,0.08,-7,0.09,-72,2,0.24,3,11,0.25,0.04
546,0.21,0.14,-6,0.03,32,1,0.12,12,2,0.4,-0.08
547,-0.06,0.31,-5,0.15,80,12,0.1,-20,-9,0.18,-0.04
548,0.06,0.36,7,0.01,-88,19,0.06,27,19,0.52,-0.11
549,-0.36,0.15,-5,0.1,-6,-75,0.15,-23,-6,0.12,0.11
550,-0.45,0.32,3,0.0,96,-89,0.2,4,18,0.16,-0.1
551,0.46,0.33,9,0.14,217,-29,0.35,13,-15,0.52,0.03
552,0.45,0.26,-4,0.06,45,-57,0.12,4,-16,0.03,0.13
553,0.06,0.32,0,0.02,71,-31,0.31,9,7,0.67,-0.09
554,-0.23,0.2,-5,0.12,161,13,0.12,-13,16,0.31,0.12
555,0.47,0.42,-6,0.13,145,33,0.21,-21,7,0.3,-0.07
556,0.44,0.03,0,0.12,163,6,0.3,-17,2,0.5,0.06
557,-0.36,0.14,6,0.04,136,19,0.27,20,-14,0.23,0.12
558,-0.08,0.31,-3,0.14,164,63,0.29,-7,6,0.26,-0.08
559,0.42,0.06,-8,0.04,253,-1,0.25,28,-14,0.17,-0.11
560,0.37,0.34,4,0.09,261,3,0.15,25,-18,0.64,-0.04
561,-0.21,0.42,5,0.14,-34,-73,0.07,14,3,0.43,0.11
562,0.31,0.41,-8,0.01,176,-7,0.34,23,-4,0.64,-0.02
563,0.0,0.18,0,0.04,156,2,0.05,23,8,0.58,0.06
564,0.19,0.38,-5,0.05,251,52,0.29,16,-3,0.26,-0.08
565,-0.43,0.32,7,0.07,239,-63,0.2,-18,3,0.66,-0.06
566,-0.46,0.22,8,0.09,19,83,0.14,-13,8,0.01,0.11
567,0.37,0.39,-8,0.14,120,-53,0.16,-1,-14,0.43,0.03
568,0.16,0.17,8,0.11,239,8,0.17,16,14,0.02,-0.03
569,-0.31,0.15,8,0.14,113,45,0.15,30,-2,0.63,0.1
570,0.36,0.0,3,0.01,-33,-19,0.19,-23,16,0.47,0.05
571,0.32,0.14,10,0.09,72,-50,0.15,30,20,0.38,0.0
572,0.48,0.27,6,0.14,203,32,0.1,-17,5,0.09,-0.04
573,0.02,0.14,-5,0.0,-34,-4,0.19,22,16,0.29,0.04
574,0.33,0.19,8,0.01,239,50,0.16,-22,-2,0.41,-0.1
575,0.26,0.34,0,0.01,125,-36,0.25,23,-17,0.36,-0.08
576,-0.39,0.42,4,0.12,215,8,0.01,-2,-5,0.45,0.05
577,-0.13,0.2,-4,0.02,223,8,0.35,-23,-13,0.45,0.12
578,0.29,0.42,5,0.14,-41,82,0.02,17,16,0.47,0.0
579,-0.41,0.15,9,0.1,-78,83,0.1,-25,-9,0.17,0.13
580,-0.39,0.1,3,0.06,11,-61,0.0,-5,-13,0.43,-0.07
581,-0.2,0.37,1,0.15,83,-30,0.17,9,6,0.61,-0.01
582,0.19,0.13,7,0.14,-32,80,0.17,-17,5,0.69,0.08
583,0.15,0.42,5,0.13,-54,-16,0.04,-14,-19,0.26,-0.11
584,0.01,0.35,-8,0.15,259,2,0.24,12,3,0.26,0.09
585,-0.24,0.06,10,0.11,193,-20,0.09,5,-4,0.14,0.08
586,0.05,0.18,2,0.04,45,74,0.26,14,-10,0.59,0.13
587,-0.13,0.2,6,0.13,-17,14,0.36,-28,-14,0.16,-0.05
588,0.39,0.22,-7,0.03,215,47,0.36,1,-5,0.04,-0.1
589,-0.14,0.44,7,0.05,-78,7,0.17,7,-11,0.19,-0.01
590,-0.11,0.4,3,0.03,247,14,0.31,-6,-20,0.37,-0.04
591,0.32,0.14,4,0.07,235,0,0.21,-26,7,0.59,0.1
592,-0.47,0.38,5,0.12,79,39,0.26,-30,18,0.55,-0.06
593,-0.17,0.41,-9,0.11,-64,95,0.07,13,9,0.45,0.03
594,-0.13,0.29,-9,0.02,-17,-96,0.21,-29,-11,0.63,-0.09
595,-0.09,0.09,6,0.09,-90,-43,0.31,-17,-10,0.52,-0.05
596,0.03,0.29,9,0.0,202,-90,0.36,5,15,0.06,0.08
597,-0.44,0.2,2,0.13,219,52,0.24,-30,12,0.18,-0.07
598,-0.36,0.17,1,0.15,224,16,0.2,-27,3,0.58,-0.05
599,-0.32,0.45,0,0.07,116,0,0.29,-5,-9,0.09,0.0
600,-0.32,0.11,0,0.11,185,58,0.28,-3,-4,0.61,0.09
601,0.44,0.46,-2,0.09,144,53,0.2,-26,19,0.19,0.09
602,-0.31,0.25,-5,0.09,-39,-54,0.34,25,7,0.49,-0.06
603,0.34,0.12,1,0.07,-80,32,0.08,-20,-9,0.09,0.03
604,0.23,0.32,-7,0.1,251,4,0.32,14,-5,0.15,0.11
605,-0.35,0.22,-2,0.01,-22,52,0.32,23,-5,0.05,-0.13
606,0.27,0.41,-6,0.01,76,19,0.28,-12,-20,0.53,-0.05
607,-0.25,0.34,0,0.14,163,23,0.03,-8,-2,0.57,-0.04
608,-0.03,0.46,-7,0.14,162,-85,0.36,2,10,0.6,0.02
609,-0.13,0.42,-3,0.14,-37,-68,0.31,-9,-1,0.66,0.02
610,0.07,0.37,-9,0.09,83,-100,0.21,14,-18,0.49,-0.03
611,-0.24,0.36,-7,0.04,65,72,0.12,-2,-16,0.42,-0.11
612,0.09,0.09,-4,0.12,201,6,0.17,-20,0,0.57,-0.11
613,0.03,0.43,7,0.11,262,82,0.18,-27,-6,0.57,0.01
614,-0.04,0.06,-9,0.11,-12,39,0.28,12,-13,0.13,-0.05
615,-0.03,0.22,7,0.14,200,31,0.32,7,-17,0.47,0.12
616,0.36,0.16,-2,0.11,-50,-49,0.26,27,8,0.61,0.03
617,-0.05,0.24,4,0.08,235,91,0.01,-3,3,0.32,-0.07
618,0.28,0.28,4,0.09,250,-21,0.35,6,5,0.4,0.03
619,0.1,0.05,-4,0.1,229,36,0.22,-25,19,0.65,-0.01
620,-0.06,0.37,2,0.07,243,78,0.31,0,-1,0.26,0.11
621,-0.42,0.43,5,0.14,166,41,0.13,22,9,0.55,-0.02
622,0.43,0.18,-8,0.02,175,29,0.12,13,6,0.56,-0.13
623,-0.43,0.4,10,0.15,199,87,0.23,-14,-9,0.24,-0.06
624,0.03,0.33,9,0.02,172,37,0.15,5,4,0.7,-0.07
625,-0.14,0.34,8,0.13,-27,-26,0.03,-23,-6,0.21,0.0
626,0.14,0.14,-2,0.07,55,100,0.35,23,15,0.64,-0.03
627,-0.16,0.17,6,0.07,81,-35,0.15,23,-6,0.45,-0.07
628,-0.46,0.03,10,0.03,90,-63,0.11,28,13,0.27,0.09
629,-0.38,0.16,-3,0.09,259,-8,0.16,-15,-17,0.39,-0.09
630,-0.1,0.34,-9,0.01,104,-57,0.16,8,-19,0.66,-0.12
631,-0.16,0.36,7,0.04,158,-39,0.34,-27,14,0.34,0.03
632,0.43,0.19,8,0.03,198,23,0.03,-23,14,0.6,-0.08
633,0.46,0.03,-2,0.01,133,-30,0.27,-3,6,0.12,-0.09
634,-0.35,0.43,-1,0.12,238,-98,0.17,0,-10,0.15,0.13
635,0.32,0.05,6,0.04,11,70,0.03,-29,16,0.49,-0.02
636,-0.38,0.46,-4,0.05,235,-47,0.09,-12,10,0.29,-0.08
637,0.35,0.44,8,0.06,63,31,0.02,11,1,0.68,-0.02
638,-0.27,0.33,-6,0.1,43,-37,0.36,-2,11,0.27,0.08
639,0.17,0.18,-5,0.0,185,51,0.06,-6,10,0.36,-0.03
640,0.1,0.01,1,0.08,-34,-24,0.21,19,20,0.26,-0.11
641,0.29,0.46,0,0.09,112,81,0.28,-6,-18,0.43,0.1
642,-0.41,0.32,-1,0.05,-8,-20,0.23,-26,0,0.51,-0.11
643,0.13,0.43,2,0.05,120,-20,0.28,-13,-13,0.59,-0.04
644,0.05,0.28,-9,0.06,4,-18,0.36,-11,-15,0.65,0.09
645,0.22,0.07,9,0.06,235,46,0.09,7,-8,0.03,-0.07
646,-0.34,0.05,0,0.01,145,-54,0.11,-1,1,0.15,0.13
647,0.41,0.3,-7,0.04,192,54,0.23,13,-16,0.55,0.11
648,-0.24,0.24,-5,0.05,-78,66,0.32,7,8,0.66,0.03
649,-0.23,0.22,10,0.1,49,-92,0.12,-25,-8,0.65,-0.03
650,0.38,0.17,0,0.13,164,76,0.17,-7,-13,0.11,-0.11
651,-0.16,0.2,-5,0.0,-25,13,0.07,29,-16,0.4,-0.09
652,-0.27,0.02,9,0.02,150,90,0.18,18,0,0.0,0.12
653,0.08,0.39,-1,0.02,155,-18,0.3,9,8,0.03,-0.08
654,0.24,0.45,5,0.0,174,76,0.06,-20,10,0.02,0.07
655,-0.38,0.45,-2,0.06,215,-9,0.08,-20,3,0.58,0.07
656,-0.06,0.11,0,0.04,108,-89,0.01,-27,-1,0.17,0.08
657,0.04,0.12,6,0.02,218,81,0.19,13,-2,0.55,0.07
658,0.33,0.23,-8,0.02,61,55,0.07,-5,16,0.04,-0.01
659,-0.43,0.07,-8,0.07,96,70,0.16,15,11,0.07,-0.13
660,0.5,0.01,6,0.09,12,-96,0.12,-7,20,0.33,0.04
661,0.01,0.18,-2,0.14,158,-24,0.27,-28,-19,0.27,0.03
662,0.32,0.34,8,0.06,254,57,0.32,23,-1,0.09,-0.13
663,-0.09,0.31,-8,0.04,203,26,0.3,-17,16,0.39,-0.11
664,-0.21,0.07,-3,0.1,181,-89,0.2,25,-20,0.24,-0.06
665,0.25,0.3,3,0.11,71,42,0.1,10,-18,0.09,0.09
666,0.2,0.31,3,0.08,179,-84,0.22,17,-5,0.31,-0.11
667,0.45,0.27,-9,0.12,185,1,0.12,-29,11,0.5,-0.07
668,-0.36,0.08,1,0.04,250,-57,0.22,-11,-3,0.52,0.01
669,-0.41,0.17,-8,0.15,-63,-94,0.26,-24,14,0.61,-0.04
670,0.28,0.41,-5,0.14,-22,-41,0.13,-23,-7,0.65,0.05
671,-0.28,0.35,-3,0.04,194,29,0.26,19,17,0.15,-0.08
672,-0.23,0.02,9,0.07,92,6,0.24,-13,-6,0.14,-0.08
673,0.05,0.08,7,0.05,69,-22,0.32,26,11,0.34,0.0
674,-0.48,0.44,-2,0.15,173,-21,0.29,8,-3,0.28,0.0
675,-0.3,0.31,-1,0.13,161,67,0.06,2,-7,0.12,-0.09
676,0.49,0.43,-10,0.14,-71,60,0.14,-18,20,0.06,0.02
677,-0.04,0.32,5,0.12,164,40,0.11,0,-19,0.61,0.07
678,0.08,0.04,6,0.09,-50,-69,0.12,-23,18,0.61,0.09
679,-0.43,0.12,8,0.15,135,63,0.16,-14,-15,0.09,-0.12
680,0.1,0.16,-1,0.06,-38,73,0.04,26,-12,0.28,0.08
681,-0.5,0.36,-9,0.09,46,0,0.28,-12,16,0.12,0.02
682,0.15,0.4,2,0.0,18,-6,0.0,6,-16,0.31,0.09
683,0.16,0.1,4,0.0,91,-40,0.35,-3,-3,0.07,-0.09
684,-0.3,0.42,-5,0.15,102,36,0.19,23,-17,0.7,-0.1
685,0.14,0.17,-1,0.09,-32,-96,0.19,14,11,0.31,0.03
686,0.28,0.23,-10,0.03,23,22,0.11,-3,3,0.23,0.13
687,0.17,0.24,5,0.11,-9,-25,0.14,30,-13,0.61,0.03
688,-0.42,0.3,-2,0.1,34,93,0.2,-17,6,0.66,-0.08
689,0.49,0.43,5,0.13,79,-8,0.06,-7,-6,0.22,-0.09
690,-0.38,0.37,-2,0.08,-58,-100,0.17,4,0,0.15,0.0
691,0.45,0.41,6,0.09,37,31,0.19,17,-19,0.25,-0.04
692,-0.3,0.4,-9,0.07,171,33,0.13,1,2,0.61,-0.05
693,-0.13,0.34,7,0.08,116,58,0.01,22,1,0.12,0.02
694,-0.1,0.03,6,0.11,-54,78,0.01,-1,0,0.47,0.09
695,0.32,0.45,5,0.15,261,-43,0.2,-29,8,0.32,-0.09
696,-0.23,0.0,10,0.06,-15,2,0.21,-28,-18,0.26,-0.06
697,-0.39,0.13,-4,0.03,-9,63,0.25,13,-8,0.21,-0.06
698,0.21,0.06,5,0.04,42,58,0.01,-19,18,0.7,-0.08
699,-0.14,0.2,-7,0.11,150,93,0.07,-23,9,0.05,0.12
700,-0.03,0.4,3,0.11,97,-47,0.36,-27,-18,0.52,-0.06
701,0.12,0.15,2,0.07,-68,45,0.21,16,-20,0.09,-0.11
702,-0.31,0.33,1,0.14,143,-55,0.26,11,0,0.66,0.07
703,0.41,0.46,7,0.07,180,97,0.0,10,1,0.05,-0.05
704,-0.12,0.12,-3,0.13,88,46,0.01,-4,-20,0.11,0.03
705,-0.15,0.22,-3,0.12,-37,26,0.17,-30,11,0.38,-0.07
706,-0.49,0.24,-8,0.13,44,-10,0.14,-10,18,0.14,-0.13
707,0.45,0.24,9,0.15,123,68,0.17,29,6,0.26,0.13
708,-0.04,0.22,-5,0.05,270,-98,0.09,17,-6,0.02,-0.04
709,0.48,0.26,-9,0.1,112,7,0.04,23,0,0.26,-0.05
710,0.02,0.05,1,0.14,85,20,0.35,-25,-15,0.6,0.06
711,0.42,0.23,-4,0.08,95,-100,0.21,-20,8,0.4,0.11
712,-0.37,0.37,3,0.06,-31,-71,0.19,21,17,0.61,-0.04
713,-0.28,0.43,1,0.1,84,-72,0.28,-27,-7,0.16,0.1
714,0.37,0.26,4,0.13,-33,-88,0.17,-21,-15,0.38,0.04
715,0.33,0.08,-9,0.05,27,-90,0.09,-14,-17,0.25,-0.07
716,0.25,0.13,-3,0.12,-77,42,0.36,24,7,0.46,0.11
717,-0.39,0.0,-10,0.01,-25,75,0.13,29,5,0.43,-0.11
718,-0.19,0.16,5,0.0,257,6,0.04,26,6,0.32,0.1
719,-0.12,0.45,-3,0.0,-78,-81,0.02,23,14,0.27,-0.03
720,-0.01,0.2,-10,0.05,91,2,0.22,-15,14,0.17,-0.02
721,-0.34,0.37,8,0.03,201,-55,0.24,-25,-16,0.57,0.08
722,-0.06,0.06,-2,0.13,178,-99,0.13,5,-8,0.2,-0.03
723,-0.15,0.41,-2,0.11,-71,66,0.07,27,-9,0.41,0.08
724,0.08,0.05,4,0.06,-82,-92,0.31,20,-4,0.57,0.06
725,-0.3,0.26,-5,0.05,-24,23,0.08,1,-19,0.38,0.11
726,0.46,0.45,7,0.11,79,42,0.14,-19,14,0.54,-0.06
727,-0.13,0.02,4,0.13,198,52,0.36,-9,-20,0.03,0.11
728,0.31,0.29,-3,0.09,10,-78,0.04,4,-11,0.19,-0.02
729,0.13,0.26,2,0.15,58,5,0.16,27,-10,0.58,0.09
730,-0.47,0.36,5,0.15,9,36,0.26,0,5,0.68,-0.05
731,0.14,0.2,-7,0.1,-5,-7,0.24,8,17,0.23,-0.05
732,0.2,0.39,-9,0.15,5,85,0.03,20,-10,0.59,0.03
733,-0.5,0.39,4,0.07,136,54,0.21,-19,11,0.03,-0.12
734,0.1,0.14,-2,0.14,158,-15,0.0,-29,13,0.63,0.05
735,-0.34,0.29,-6,0.03,5,-21,0.33,-10,19,0.47,0.03
736,0.21,0.3,8,0.0,257,47,0.15,-11,-9,0.6,-0.1
737,0.38,0.28,0,0.11,80,-60,0.22,27,-20,0.25,-0.1
738,0.11,0.41,8,0.11,269,39,0.2,-3,-3,0.41,-0.05
739,0.39,0.05,-3,0.15,8,35,0.17,-28,3,0.5,-0.08
740,-0.08,0.29,-6,0.02,211,-83,0.32,-22,16,0.38,-0.04
741,0.16,0.33,-5,0.06,241,-90,0.31,24,14,0.39,-0.07
742,0.09,0.24,-2,0.11,108,79,0.03,11,0,0.46,-0.09
743,0.3,0.05,-7,0.03,200,4,0.22,-13,-14,0.67,-0.06
744,-0.28,0.08,-6,0.09,161,-44,0.15,-8,2,0.12,0.02
745,-0.23,0.29,-6,0.15,-60,59,0.09,28,5,0.53,-0.1
746,0.03,0.41,-5,0.12,175,-57,0.31,-5,17,0.2,-0.13
747,0.18,0.09,-4,0.14,11,20,0.24,-18,-17,0.51,0.02
748,-0.17,0.11,0,0.11,201,-56,0.16,17,-10,0.35,-0.13
749,0.45,0.3,-1,0.14,-62,-61,0.36,2,-1,0.03,0.04
750,0.35,0.26,2,0.13,103,69,0.14,15,5,0.35,0.0
751,0.19,0.41,3,0.03,-6,20,0.25,-22,13,0.47,0.0
752,0.5,0.24,9,0.03,4,70,0.01,6,9,0.52,0.09
753,0.42,0.29,8,0.11,-65,51,0.04,-24,12,0.26,0.03
754,-0.23,0.4,1,0.1,185,-63,0.35,-9,10,0.57,-0.09
755,-0.14,0.38,-10,0.12,45,-26,0.28,12,13,0.25,-0.02
756,0.16,0.0,-5,0.15,218,-80,0.17,-12,-2,0.2,-0.04
757,0.28,0.44,-10,0.09,119,28,0.31,0,-4,0.06,-0.12
758,0.21,0.26,9,0.07,223,-78,0.25,24,-9,0.07,0.09
759,-0.49,0.11,4,0.14,-60,-40,0.3,-17,6,0.54,-0.11
760,0.13,0.1,-2,0.03,-76,26,0.24,-9,-18,0.48,-0.11
761,0.09,0.44,9,0.12,-14,63,0.15,17,15,0.1,0.08
762,0.09,0.09,1,0.05,80,11,0.36,9,-7,0.31,-0.07
763,0.17,0.4,6,0.13,102,-97,0.24,8,20,0.42,-0.01
764,0.4,0.12,6,0.05,34,-63,0.19,28,19,0.1,-0.02
765,0.45,0.19,5,0.1,152,-87,0.27,12,-16,0.35,0.13
766,-0.28,0.09,7,0.08,-56,98,0.16,15,-9,0.69,0.08
767,-0.24,0.26,8,0.02,-81,53,0.17,-26,7,0.4,0.11
768,0.42,0.07,6,0.06,130,-98,0.28,4,8,0.24,0.07
769,0.06,0.06,-3,0.07,-16,-66,0.26,4,-1,0.43,-0.09
770,-0.03,0.31,0,0.09,15,86,0.18,26,7,0.42,-0.11
771,0.03,0.08,4,0.14,-55,87,0.21,10,11,0.22,-0.1
772,-0.01,0.42,3,0.05,162,-57,0.36,-24,-5,0.66,-0.05
773,0.31,0.35,5,0.06,211,-31,0.17,28,-20,0.23,0.06
774,0.43,0.22,0,0.15,100,17,0.1,13,-8,0.02,0.01
775,0.25,0.05,5,0.1,188,91,0.09,-2,-15,0.6,-0.1
776,0.04,0.07,5,0.14,160,-80,0.08,26,-17,0.67,0.12
777,0.13,0.36,-3,0.13,-27,-10,0.22,-27,-18,0.54,-0.03
778,-0.25,0.42,-8,0.1,38,-71,0.01,9,10,0.33,0.07
779,-0.15,0.37,2,0.12,252,-14,0.04,20,-13,0.19,-0.1
780,0.15,0.46,0,0.04,165,-100,0.08,-1,-5,0.39,0.03
781,-0.32,0.32,-2,0.08,-39,36,0.14,22,-15,0.55,-0.06
782,-0.24,0.1,3,0.08,-33,16,0.27,-28,-15,0.03,0.12
783,0.21,0.14,2,0.03,-74,-13,0.12,-18,10,0.26,-0.03
784,-0.19,0.13,-3,0.0,124,75,0.34,-15,-4,0.12,0.07
785,-0.38,0.09,2,0.07,166,-98,0.14,19,9,0.29,0.08
786,0.36,0.38,-6,0.11,228,-46,0.29,-28,-18,0.47,0.13
787,-0.15,0.1,-9,0.0,81,35,0.29,-5,4,0.22,0.12
788,0.06,0.09,6,0.03,270,-4,0.3,-30,-19,0.46,0.13
789,0.01,0.44,1,0.11,113,82,0.25,-2,-17,0.15,0.12
790,0.34,0.07,-2,0.04,46,-49,0.15,4,1,0.6,0.13
791,0.28,0.28,9,0.15,217,54,0.21,-15,8,0.55,-0.06
792,-0.48,0.02,-5,0.14,-77,-20,0.0,-9,-18,0.07,0.03
793,0.37,0.11,7,0.07,-74,-72,0.34,21,11,0.0,-0.02
794,-0.29,0.34,-10,0.11,64,6,0.23,-27,14,0.68,0.0
795,-0.18,0.02,-10,0.05,178,-75,0.19,-11,-15,0.03,0.03
796,0.3,0.2,-4,0.06,238,-52,0.01,-10,-16,0.28,0.08
797,0.14,0.31,3,0.08,5,-41,0.15,-19,-13,0.58,-0.13
798,0.28,0.22,0,0.02,-46,45,0.16,18,-18,0.65,0.04
799,-0.33,0.45,7,0.08,267,34,0.17,19,1,0.33,0.07
800,-0.01,0.28,7,0.02,-7,-63,0.09,-4,10,0.55,-0.13
801,-0.33,0.35,0,0.14,251,42,0.06,-26,1,0.48,0.1
802,0.02,0.03,5,0.02,-13,68,0.03,14,13,0.49,-0.11
803,-0.46,0.06,8,0.1,-19,-6,0.35,19,6,0.08,-0.06
804,-0.19,0.06,-2,0.09,-32,39,0.27,-7,8,0.1,-0.11
805,-0.01,0.24,7,0.13,1,3,0.21,-19,-2,0.69,-0.12
806,-0.25,0.01,3,0.13,146,65,0.3,11,0,0.53,-0.1
807,0.11,0.21,10,0.03,253,50,0.0,-6,7,0.12,-0.05
808,0.3,0.27,-1,0.08,204,-14,0.05,-11,3,0.22,-0.12
809,-0.49,0.04,-7,0.14,218,70,0.13,-19,-11,0.66,-0.13
810,-0.37,0.28,6,0.12,152,59,0.03,2,15,0.58,-0.12
811,-0.27,0.39,0,0.0,5,-97,0.12,-14,-13,0.09,0.12
812,-0.17,0.21,-4,0.01,177,-41,0.12,-26,20,0.46,0.07
813,0.49,0.18,1,0.12,244,57,0.04,-29,-19,0.68,-0.04
814,-0.41,0.4,7,0.12,71,-19,0.22,-6,16,0.46,-0.06
815,-0.15,0.02,2,0.03,58,83,0.23,4,16,0.4,0.1
816,0.19,0.03,-3,0.12,254,87,0.0,-7,-8,0.14,0.0
817,0.34,0.38,-1,0.09,189,-14,0.15,-25,8,0.39,0.1
818,0.04,0.16,-9,0.12,101,41,0.32,5,-17,0.42,-0.06
819,0.49,0.1,-1,0.1,72,-61,0.06,28,-13,0.54,-0.08
820,0.3,0.31,0,0.11,230,-75,0.2,20,1,0.18,-0.11
821,-0.23,0.09,-7,0.11,18,76,0.1,-25,7,0.4,0.03
822,0.17,0.41,-5,0.13,66,-23,0.16,-1,14,0.15,-0.09
823,-0.13,0.25,1,0.0,98,95,0.02,-16,7,0.64,0.13
824,-0.18,0.34,6,0.02,78,95,0.35,5,-6,0.14,0.08
825,-0.04,0.25,5,0.12,58,42,0.32,7,-13,0.07,0.03
826,0.3,0.15,1,0.07,79,-87,0.36,12,2,0.49,0.04
827,-0.46,0.44,10,0.1,188,-3,0.13,16,1,0.09,0.01
828,-0.46,0.12,10,0.13,-22,26,0.22,5,11,0.38,0.02
829,-0.24,0.28,7,0.1,60,17,0.19,6,-19,0.39,0.08
830,0.1,0.22,4,0.15,193,-51,0.19,-30,16,0.46,0.08
831,0.09,0.01,-8,0.04,155,80,0.19,2,-9,0.31,-0.04
832,0.49,0.31,-1,0.0,-81,11,0.04,6,-4,0.53,0.07
833,0.4,0.24,5,0.09,-81,98,0.07,-30,0,0.28,-0.05
834,0.18,0.06,-5,0.03,125,-83,0.14,13,7,0.28,0.09
835,-0.27,0.05,10,0.12,-45,-47,0.23,-28,-16,0.21,-0.11
836,-0.06,0.4,-1,0.04,64,33,0.23,20,12,0.55,-0.04
837,-0.26,0.36,5,0.08,-58,-61,0.28,4,3,0.53,0.05
838,0.24,0.22,7,0.07,136,86,0.25,-5,7,0.64,-0.01
839,-0.19,0.05,-4,0.12,9,-6,0.19,27,-10,0.54,-0.09
840,0.26,0.13,-5,0.09,201,31,0.08,-17,-19,0.27,-0.11
841,0.4,0.33,-7,0.03,253,-25,0.17,26,-3,0.43,-0.05
842,0.16,0.23,10,0.13,127,20,0.22,-17,18,0.09,-0.06
843,0.28,0.03,-7,0.04,206,-4,0.03,-28,7,0.39,0.04
844,0.28,0.44,-8,0.09,42,-42,0.24,-9,19,0.42,0.03
845,-0.17,0.31,2,0.05,212,55,0.34,2,-13,0.28,0.01
846,0.21,0.0,-7,0.14,145,88,0.33,16,0,0.51,-0.1
847,-0.33,0.46,-4,0.13,227,-97,0.08,28,-4,0.58,0.03
848,0.1,0.05,-6,0.0,200,2,0.14,-28,-15,0.45,-0.03
849,0.06,0.1,2,0.12,-78,-47,0.34,7,-5,0.18,-0.04
850,0.39,0.12,10,0.03,161,-23,0.01,-22,3,0.23,-0.12
851,0.1,0.0,0,0.0,133,16,0.05,8,-7,0.19,-0.12
852,-0.38,0.01,-10,0.01,265,28,0.3,-22,19,0.33,0.07
853,-0.35,0.18,6,0.09,109,58,0.15,9,10,0.04,-0.06
854,-0.25,0.25,-5,0.14,251,-42,0.0,27,5,0.57,0.11
855,-0.25,0.29,-8,0.02,-73,91,0.26,13,10,0.47,-0.11
856,-0.43,0.28,-5,0.03,61,15,0.01,13,4,0.23,-0.07
857,0.5,0.09,10,0.07,176,-88,0.01,26,18,0.24,-0.07
858,-0.04,0.08,9,0.05,140,-36,0.21,-18,11,0.2,-0.12
859,-0.28,0.01,-4,0.09,75,-14,0.13,-15,17,0.57,0.03
860,0.04,0.26,-10,0.15,-65,-49,0.02,-13,7,0.29,0.05
861,0.11,0.45,6,0.09,114,58,0.09,18,-14,0.02,-0.01
862,-0.21,0.05,-5,0.0,55,-63,0.23,-4,-17,0.57,-0.07
863,0.26,0.34,-8,0.15,196,76,0.26,29,16,0.22,0.13
864,-0.41,0.43,-10,0.08,187,-77,0.12,26,-16,0.15,0.02
865,0.15,0.26,4,0.06,148,-21,0.35,25,6,0.25,-0.06
866,-0.4,0.1,0,0.04,1,40,0.04,9,13,0.7,-0.03
867,0.27,0.16,10,0.11,85,-16,0.34,-19,2,0.55,0.09
868,-0.43,0.26,5,0.08,-46,79,0.29,10,10,0.6,0.04
869,-0.12,0.1,-6,0.04,18,78,0.31,-7,-17,0.05,-0.07
870,0.5,0.42,0,0.03,217,78,0.36,-19,-10,0.08,-0.08
871,0.06,0.0,-4,0.12,-51,41,0.12,10,-15,0.38,-0.13
872,-0.21,0.12,7,0.0,12,-48,0.1,-12,-9,0.62,-0.04
873,0.15,0.23,3,0.15,119,15,0.03,2,9,0.48,0.01
874,0.29,0.32,7,0.06,109,-66,0.15,-9,-4,0.12,0.01
875,-0.25,0.38,-3,0.08,230,-66,0.02,20,2,0.56,0.09
876,0.25,0.1,0,0.14,-18,-20,0.04,1,13,0.37,-0.12
877,0.44,0.04,2,0.13,220,-11,0.2,13,15,0.06,-0.07
878,-0.19,0.3,6,0.06,270,-43,0.04,-19,-2,0.58,-0.11
879,0.34,0.4,9,0.11,184,-61,0.13,29,-5,0.4,0.04
880,0.32,0.34,2,0.06,146,-66,0.19,0,15,0.26,-0.04
881,-0.42,0.06,1,0.1,88,28,0.24,10,14,0.41,0.04
882,-0.1,0.26,-1,0.0,103,-58,0.23,15,-16,0.0,-0.08
883,-0.22,0.16,4,0.07,55,86,0.3,0,-1,0.31,-0.07
884,0.06,0.3,4,0.15,246,11,0.05,-24,-9,0.14,-0.04
885,0.02,0.25,-10,0.14,213,42,0.25,0,17,0.19,0.11
886,-0.25,0.26,-6,0.12,154,80,0.08,30,12,0.33,-0.11
887,-0.42,0.44,5,0.05,134,97,0.02,-22,-2,0.52,0.04
888,0.24,0.17,-4,0.12,126,-100,0.11,-1,19,0.23,-0.01
889,-0.42,0.26,-9,0.06,161,-44,0.0,-11,15,0.38,0.06
890,-0.22,0.28,-7,0.08,-32,80,0.19,-6,2,0.14,0.0
891,-0.16,0.4,-10,0.01,201,86,0.13,19,18,0.13,0.07
892,0.23,0.09,-4,0.07,33,-46,0.29,-28,-9,0.02,0.08
893,-0.26,0.35,-6,0.02,193,31,0.26,5,11,0.09,-0.01
894,0.48,0.45,-3,0.09,106,28,0.35,-15,-17,0.46,-0.09
895,0.37,0.02,8,0.02,-33,-23,0.02,-24,-8,0.46,-0.02
896,-0.06,0.18,-5,0.09,113,-43,0.17,0,19,0.0,0.0
897,-0.49,0.21,7,0.05,106,-83,0.2,24,-14,0.66,0.01
898,0.39,0.23,-8,0.13,183,-42,0.24,28,-12,0.61,-0.05
899,0.24,0.13,-9,0.08,-8,-9,0.15,-16,6,0.65,-0.02
900,-0.39,0.38,2,0.01,244,-45,0.34,-25,-7,0.4,0.06
901,0.09,0.12,-1,0.1,209,45,0.31,7,9,0.34,-0.07
902,-0.12,0.34,-9,0.12,229,84,0.18,6,-18,0.13,-0.12
903,0.13,0.13,10,0.15,28,-72,0.23,25,-17,0.09,0.07
904,-0.49,0.34,4,0.15,144,-40,0.25,11,-3,0.17,0.0
905,-0.39,0.06,-2,0.01,268,8,0.29,26,-17,0.17,-0.13
906,-0.12,0.09,3,0.0,139,-56,0.05,-10,-6,0.59,0.04
907,0.22,0.01,9,0.04,24,80,0.15,9,6,0.13,0.01
908,0.37,0.2,-8,0.12,-65,-26,0.04,11,13,0.34,0.11
909,0.47,0.26,-8,0.07,59,59,0.2,-26,15,0.04,-0.06
910,-0.12,0.01,0,0.01,209,55,0.07,-24,12,0.67,-0.04
911,0.03,0.41,5,0.13,229,-22,0.09,6,-12,0.14,0.03
912,-0.22,0.01,9,0.01,131,-76,0.14,18,3,0.58,0.05
913,0.48,0.09,-6,0.0,-47,-20,0.19,-27,10,0.38,-0.04
914,-0.38,0.04,6,0.05,-21,0,0.12,-10,-8,0.41,-0.02
915,0.14,0.05,6,0.13,251,17,0.26,-5,-15,0.38,0.03
916,-0.25,0.22,1,0.07,-43,-71,0.27,5,-9,0.46,-0.11
917,0.21,0.34,-3,0.03,-45,92,0.19,-20,-14,0.51,-0.05
918,0.25,0.25,7,0.01,7,52,0.03,25,-10,0.51,0.0
919,0.5,0.26,-3,0.13,135,-32,0.01,13,5,0.29,0.01
920,0.05,0.25,8,0.02,133,-40,0.08,-8,14,0.61,-0.11
921,0.07,0.07,5,0.02,150,-2,0.35,-1,7,0.51,0.04
922,-0.37,0.32,-9,0.12,35,-69,0.15,-4,-2,0.7,0.11
923,0.18,0.2,8,0.03,-65,-77,0.25,11,6,0.0,0.05
924,-0.08,0.02,-4,0.1,169,-11,0.27,7,15,0.52,-0.02
925,-0.24,0.35,-8,0.02,-60,-50,0.32,-12,-10,0.33,0.09
926,0.41,0.08,0,0.05,115,64,0.33,0,-18,0.18,0.06
927,-0.2,0.12,7,0.15,-41,-98,0.07,-8,-2,0.53,0.09
928,0.48,0.26,-2,0.04,95,92,0.07,-4,-18,0.66,0.04
929,-0.5,0.41,2,0.04,-27,98,0.06,10,-7,0.61,-0.01
930,0.49,0.04,-5,0.07,206,98,0.36,-7,-16,0.16,0.08
931,-0.21,0.23,-8,0.1,154,95,0.0,-16,-6,0.43,-0.1
932,-0.25,0.07,5,0.02,-73,-6,0.09,30,18,0.64,-0.1
933,-0.18,0.1,7,0.06,194,-12,0.06,29,-14,0.63,-0.09
934,-0.43,0.44,-4,0.11,132,-49,0.24,9,7,0.64,-0.11
935,-0.21,0.43,3,0.11,-82,34,0.02,-8,6,0.59,0.09
936,-0.41,0.09,9,0.04,221,-71,0.17,29,-2,0.28,-0.01
937,-0.36,0.09,0,0.05,151,-50,0.05,16,-15,0.52,0.12
938,0.08,0.26,4,0.05,-18,29,0.09,7,-2,0.67,-0.01
939,0.17,0.4,2,0.05,-72,-39,0.33,-30,5,0.53,0.1
940,0.42,0.44,9,0.07,-57,-23,0.01,24,-18,0.44,-0.08
941,0.36,0.04,6,0.15,151,43,0.12,2,2,0.39,-0.02
942,-0.27,0.36,-5,0.08,217,86,0.01,-3,3,0.47,0.11
943,0.46,0.43,4,0.09,42,-99,0.04,13,-7,0.32,-0.04
944,-0.28,0.06,-9,0.12,-55,-13,0.35,-4,16,0.1,0.12
945,0.22,0.08,10,0.11,18,47,0.18,21,15,0.18,-0.13
946,-0.3,0.15,-8,0.13,-35,17,0.15,-30,-4,0.65,0.02
947,0.29,0.12,0,0.13,137,-77,0.09,5,9,0.16,-0.06
948,0.17,0.16,-6,0.15,-86,-50,0.09,7,4,0.37,-0.08
949,0.39,0.44,4,0.15,7,-89,0.36,12,20,0.31,-0.02
950,-0.07,0.02,9,0.09,76,-19,0.31,4,-10,0.49,-0.1
951,0.44,0.38,-9,0.15,-21,-81,0.23,-10,-1,0.68,0.08
952,0.02,0.36,3,0.11,249,33,0.18,1,-15,0.45,0.09
953,-0.12,0.22,1,0.06,-43,-47,0.19,13,-12,0.52,-0.04
954,-0.19,0.42,-8,0.12,-10,57,0.2,4,4,0.57,0.1
955,0.31,0.45,-3,0.05,133,98,0.06,-7,-4,0.57,-0.13
956,0.43,0.41,-10,0.14,59,68,0.26,-21,9,0.53,-0.03
957,0.18,0.14,9,0.01,195,16,0.12,-30,-17,0.23,-0.01
958,-0.16,0.35,4,0.15,4,95,0.3,-24,-19,0.63,-0.03
959,-0.29,0.43,8,0.11,60,-51,0.03,-10,8,0.03,0.06
960,0.33,0.22,4,0.06,111,2,0.05,12,-19,0.48,0.0
961,0.19,0.43,1,0.03,83,45,0.0,26,-14,0.28,-0.12
962,-0.3,0.13,-3,0.08,-90,-54,0.32,-12,-11,0.21,0.08
963,-0.01,0.15,1,0.12,195,50,0.18,27,-17,0.48,-0.07
964,0.04,0.42,-8,0.03,17,9,0.12,-19,18,0.25,0.09
965,-0.42,0.19,5,0.1,182,-85,0.35,-19,3,0.52,-0.03
966,0.44,0.31,0,0.01,200,-42,0.26,-4,-1,0.42,0.07
967,0.26,0.22,1,0.03,117,59,0.11,1,0,0.1,0.01
968,0.43,0.44,-5,0.11,10,87,0.02,11,-18,0.38,-0.09
969,-0.03,0.34,8,0.0,-4,12,0.07,-7,-16,0.52,-0.01
970,-0.42,0.37,-3,0.13,192,3,0.12,-2,7,0.4,0.12
971,0.39,0.03,10,0.03,52,41,0.05,-14,16,0.47,-0.12
972,-0.34,0.04,10,0.05,144,-67,0.07,0,0,0.14,0.07
973,0.09,0.44,-8,0.09,-30,26,0.14,-16,-4,0.35,0.02
974,0.36,0.32,-3,0.12,188,-29,0.04,4,19,0.14,0.06
975,0.46,0.24,-1,0.07,-71,69,0.31,5,5,0.22,-0.11
976,-0.35,0.04,1,0.06,110,26,0.31,18,-19,0.23,-0.06
977,-0.13,0.19,-5,0.07,184,-71,0.1,-4,-3,0.18,0.05
978,0.07,0.05,-3,0.13,147,39,0.29,23,6,0.37,-0.02
979,-0.15,0.39,-1,0.13,76,12,0.16,13,11,0.53,-0.13
980,0.4,0.04,-7,0.02,61,77,0.05,-6,17,0.22,0.12
981,0.2,0.14,7,0.06,141,-86,0.35,27,-3,0.64,0.1
982,0.26,0.11,10,0.15,79,-42,0.33,15,12,0.02,-0.11
983,-0.09,0.45,-2,0.09,253,-34,0.11,-18,-2,0.41,0.01
984,0.19,0.34,-6,0.09,-86,-51,0.13,16,10,0.48,0.09
985,0.02,0.04,2,0.11,-84,66,0.34,8,5,0.57,0.09
986,-0.11,0.17,3,0.13,252,30,0.14,-9,-1,0.59,0.06
987,0.25,0.37,9,0.14,65,-99,0.07,-21,-18,0.29,0.03
988,0.29,0.1,6,0.03,40,-36,0.05,17,17,0.55,0.07
989,0.5,0.4,-1,0.06,40,-64,0.23,-15,-8,0.33,-0.1
990,-0.43,0.3,-2,0.04,189,-77,0.12,21,14,0.3,0.0
991,-0.25,0.32,4,0.05,96,46,0.14,-8,-6,0.29,-0.02
992,0.32,0.08,10,0.01,143,-26,0.17,-3,-18,0.38,-0.02
993,-0.17,0.34,-3,0.08,155,82,0.16,25,-8,0.32,0.1
994,0.43,0.03,0,0.12,187,-73,0.05,-3,0,0.64,0.02
995,-0.08,0.29,1,0.03,190,-97,0.25,-26,-10,0.69,0.12
996,-0.24,0.45,2,0.14,3,5,0.15,10,-19,0.33,-0.08
997,-0.16,0.06,-4,0.05,-12,100,0.1,-8,-18,0.6,-0.1
998,-0.3,0.33,7,0.06,-58,-71,0.16,-6,18,0.2,-0.05
999,0.14,0.44,-6,0.1,-76,7,0.22,-4,-1,0.38,-0.04
